Inflation measures,Series Name,Description,Aggregation,Sample country,1970,1971,1972,1973,1974,1975,1976,1977,1978,1979,1980,1981,1982,1983,1984,1985,1986,1987,1988,1989,1990,1991,1992,1993,1994,1995,1996,1997,1998,1999,2000,2001,2002,2003,2004,2005,2006,2007,2008,2009,2010,2011,2012,2013,2014,2015,2016,2017,2018,2019,2020,2021,2022,
Headline CPI inflation,HCPI_GLOBAL_MED,Global headline consumer price index (HCPI) inflation,Median,193,4.37,4.78,6.01,10.16,16.93,12.90,9.27,10.99,8.52,10.73,13.52,12.06,9.94,8.67,7.91,6.73,5.75,5.86,6.87,7.16,8.81,9.36,9.48,9.20,10.40,9.61,6.44,5.31,5.01,2.96,3.50,3.90,2.96,3.22,3.59,4.08,4.30,4.70,8.72,2.94,3.40,4.80,3.76,2.58,2.24,1.63,1.65,2.23,2.36,2.20,2.25,3.36,8.08,
(percent),HCPI_GLOBAL_AVE,Global headline consumer price index (HCPI) inflation,Average,193,6.12,6.08,6.87,11.36,17.20,14.04,10.10,11.70,10.52,11.43,14.25,13.37,11.19,10.50,10.04,8.41,8.11,7.61,8.90,8.48,10.79,10.94,8.77,9.59,11.87,11.33,9.91,7.30,7.18,5.55,5.73,5.31,5.24,5.67,5.21,5.70,5.85,5.57,10.04,4.53,4.36,6.03,5.37,4.20,3.73,3.44,3.60,4.33,3.78,3.14,3.83,5.06,9.58,
,HCPI_GLOBAL_AVE_GDP,Global headline consumer price index (HCPI) inflation,GDP-weighted Average,190,5.92,5.77,5.08,8.37,14.43,11.84,9.74,10.35,8.43,9.51,12.58,11.13,7.95,5.89,5.81,4.98,3.58,3.94,4.25,5.10,5.76,5.59,4.65,4.15,3.77,4.03,4.59,3.33,2.69,2.14,2.71,2.74,2.47,2.72,2.75,3.09,3.16,3.38,5.24,1.61,3.00,4.18,3.30,3.09,2.83,2.09,2.34,2.70,2.84,2.43,2.12,3.74,6.70,
,HCPI_GLOBAL_MED_BAL,Global headline consumer price index (HCPI) inflation,Median (balanced group),155,4.36,4.82,5.75,10.30,16.94,12.82,9.29,11.08,8.86,10.76,13.57,12.17,9.94,8.67,8.00,6.91,5.82,6.11,6.93,6.79,8.24,8.93,7.52,6.78,8.81,8.68,6.01,4.54,4.61,3.00,3.32,3.98,2.92,3.22,3.57,3.99,4.18,4.84,8.72,3.33,3.53,4.84,3.90,2.71,2.76,1.78,1.97,2.39,2.46,2.30,2.46,3.60,7.80,
,,,,,,,,,,,,,,,,,,,,,,,,,,,,,,,,,,,,,,,,,,,,,,,,,,,,,,,,,,
,HCPI_AE_MED,Advanced-economy HCPI inflation,Median,36,5.71,6.00,6.40,9.20,16.04,11.69,9.63,10.10,8.00,9.12,11.81,10.90,8.59,5.17,4.48,4.03,2.93,3.60,4.05,4.36,5.40,4.77,3.95,3.59,2.75,2.87,2.58,2.26,1.96,1.82,2.62,2.53,1.94,1.96,2.18,2.64,2.60,2.77,4.46,1.20,2.13,3.34,2.56,1.47,1.03,0.36,0.53,1.57,1.78,1.44,0.54,2.38,6.95,
,HCPI_AE_AVE,Advanced-economy HCPI inflation,Average,36,6.97,7.16,6.98,10.54,16.82,13.74,11.29,11.36,10.57,10.26,11.87,12.39,9.48,8.60,6.47,5.37,5.14,4.94,4.65,5.42,7.08,6.29,5.54,5.88,6.92,7.04,5.53,3.95,2.98,2.84,3.45,3.21,2.43,2.46,2.52,3.02,3.48,3.63,6.18,2.38,2.21,3.35,2.72,1.74,1.31,0.81,0.86,1.66,1.90,1.58,0.78,2.52,7.40,
,HCPI_AE_AVE_GDP,Advanced-economy HCPI inflation,GDP-weighted Average,36,5.74,5.35,4.78,7.93,13.54,11.54,8.82,8.71,7.34,9.23,12.04,10.08,7.41,4.88,4.67,4.07,2.36,2.89,3.23,4.34,5.03,4.72,3.63,3.13,2.54,2.56,2.49,2.25,1.56,1.44,2.16,2.13,1.46,1.78,1.96,2.26,2.39,2.32,3.59,0.22,1.51,2.62,1.88,1.40,1.43,0.39,0.83,1.71,1.97,1.39,0.82,3.19,7.19,
,HCPI_AE_MED_BAL,Advanced-economy HCPI inflation,Median (balanced group),29,4.37,6.14,6.06,8.19,15.42,11.69,9.63,10.04,8.00,9.14,13.50,11.88,9.36,7.34,6.17,5.02,2.93,3.29,4.03,4.55,4.78,4.05,3.18,3.29,2.38,2.52,2.13,1.94,1.69,1.63,2.62,2.58,2.26,2.05,2.10,2.21,2.12,2.17,3.75,0.51,1.81,3.20,2.39,1.22,0.77,0.40,0.49,1.38,1.60,1.13,0.50,2.36,7.46,
,,,,,,,,,,,,,,,,,,,,,,,,,,,,,,,,,,,,,,,,,,,,,,,,,,,,,,,,,,
,HCPI_EMDE_MED,EMDE  HCPI inflation,Median,157,4.33,4.47,5.60,10.78,17.54,13.47,8.75,11.17,8.86,11.22,13.81,12.49,10.27,9.57,9.28,7.68,7.48,7.70,8.85,9.02,10.27,12.38,11.10,9.99,13.15,11.38,7.97,6.96,6.46,4.34,4.30,4.69,3.71,4.40,4.35,5.36,6.14,6.09,10.17,4.20,4.21,5.60,4.63,4.08,3.40,3.14,2.79,3.35,2.88,2.60,2.95,4.09,8.31,
,HCPI_EMDE_AVE,EMDE  HCPI inflation,Average,157,6.28,6.04,6.99,11.78,17.42,13.99,9.82,11.74,10.82,11.68,14.85,13.46,11.35,11.01,10.61,9.07,8.82,8.46,10.14,9.39,11.97,12.42,10.04,10.77,13.70,13.12,11.58,8.52,8.48,6.68,6.61,6.07,6.16,6.84,6.16,6.70,6.82,6.40,11.59,5.57,5.09,6.87,6.29,5.11,4.64,4.48,4.61,5.23,4.42,3.66,4.94,5.97,9.93,
,HCPI_EMDE_AVE_GDP,EMDE  HCPI inflation,GDP-weighted Average,156,7.23,8.15,6.74,10.80,18.44,14.32,15.07,17.70,13.77,10.70,14.61,14.98,10.00,10.74,11.21,9.43,11.22,11.23,10.42,9.53,10.22,13.09,13.28,11.92,12.98,15.29,14.86,8.26,7.94,5.85,5.40,5.43,6.66,6.52,5.82,5.86,5.55,6.44,9.45,4.94,5.96,6.99,5.68,5.79,5.03,4.81,4.76,4.14,4.18,3.91,4.17,4.53,6.09,
,HCPI_EMDE_MED_BAL,EMDE  HCPI inflation,Median (balanced group),125,4.33,4.73,5.56,11.10,17.54,13.29,9.10,11.19,9.44,11.22,13.81,12.49,10.33,9.73,9.10,8.00,7.64,7.70,8.74,8.73,11.11,12.19,9.76,9.67,12.06,10.28,7.97,6.46,6.01,4.12,4.17,4.71,3.37,4.51,4.44,5.39,5.62,5.85,10.24,4.21,4.06,5.39,4.90,4.03,3.53,3.19,3.02,3.40,3.27,2.79,3.02,4.09,7.81,
,,,,,,,,,,,,,,,,,,,,,,,,,,,,,,,,,,,,,,,,,,,,,,,,,,,,,,,,,,
,HCPI_LIC_MED,Low income country (LIC) HCPI inflation,Median,27,4.54,5.62,5.28,7.26,14.96,15.60,6.83,11.88,9.70,12.34,13.08,14.33,12.55,12.23,15.51,10.60,9.87,16.93,20.62,13.92,11.48,14.31,15.56,9.99,24.29,15.80,11.33,5.31,5.83,3.81,3.91,4.73,4.87,7.83,7.98,8.51,8.34,8.41,12.44,7.43,6.49,6.44,6.51,5.67,4.66,6.73,6.94,8.05,4.27,2.87,5.93,6.64,10.64,
,HCPI_LIC_MED_BAL,Low income country (LIC) HCPI inflation,Median (balanced group),24,4.64,5.62,4.78,7.26,14.96,14.77,6.89,10.19,9.38,12.34,12.59,13.36,12.28,10.67,15.51,10.54,9.09,16.70,19.28,13.92,11.80,16.13,12.81,11.18,24.69,15.95,13.18,6.47,5.09,3.63,3.86,5.24,4.41,9.14,8.00,10.60,7.78,7.28,12.26,6.31,5.77,7.21,6.71,5.76,4.53,5.36,6.91,8.03,4.27,3.35,5.19,5.75,9.90,
,HCPI_NON-LIC_MED,Non-LIC EMDE HCPI inflation,Median,130,4.29,4.21,6.18,11.36,17.88,12.99,9.59,11.13,8.69,11.12,13.86,12.02,9.72,8.66,8.39,7.01,7.48,7.24,8.18,7.86,9.71,12.38,10.23,9.88,11.06,10.28,7.38,7.09,6.62,4.40,4.35,4.67,3.70,4.05,4.24,4.62,5.55,5.82,9.88,3.65,4.11,5.35,4.42,3.53,3.22,2.52,2.24,3.11,2.77,2.47,2.73,3.72,7.79,
,HCPI_NON-LIC_MED_BAL,Non-LIC EMDE HCPI inflation,Median (balanced group),102,4.29,4.47,6.15,11.54,17.95,13.11,9.52,11.19,9.44,11.12,13.86,12.27,9.76,9.40,8.32,7.47,7.64,7.44,8.18,7.73,11.02,11.76,9.03,9.37,10.39,10.19,7.20,6.46,6.23,4.14,4.20,4.36,3.28,3.90,4.42,4.69,5.18,5.83,9.40,3.97,3.96,5.13,4.51,3.80,3.44,3.06,2.80,3.28,3.24,2.76,2.65,3.77,7.51,
,,,,,,,,,,,,,,,,,,,,,,,,,,,,,,,,,,,,,,,,,,,,,,,,,,,,,,,,,,
,HCPI_EAP_MED,EMDE HCPI inflation: East Asia and Pacific ,Median,24,1.50,3.58,7.51,15.59,24.99,6.95,6.50,7.31,6.25,5.59,13.26,11.73,6.84,6.88,6.47,4.96,5.56,6.11,10.33,7.75,6.95,8.19,8.06,5.88,7.67,5.97,5.72,3.67,6.93,2.73,1.54,2.32,1.96,3.12,2.83,4.24,4.40,4.57,8.83,1.84,3.22,4.70,3.29,2.77,2.01,1.33,1.86,2.21,2.30,2.18,1.92,1.83,5.75,
,HCPI_ECA_MED,EMDE HCPI inflation: Europe and Central Asia ,Median,23,0.30,0.25,-0.05,0.35,0.60,0.15,0.30,0.50,1.45,1.53,1.41,1.75,6.84,4.69,2.80,2.80,2.70,2.70,2.60,6.40,26.13,92.70,435.57,874.25,329.64,125.92,39.05,17.94,14.15,22.83,16.57,9.38,5.73,5.03,6.73,7.82,7.71,8.36,12.37,4.00,6.49,7.65,3.56,3.99,2.98,4.03,1.29,3.18,2.81,3.37,3.33,6.65,13.85,
,HCPI_LAC_MED,EMDE HCPI inflation: Latin America and the Caribbean ,Median,36,5.68,4.13,6.52,13.44,22.46,14.94,9.67,11.86,8.82,15.61,19.08,14.46,8.32,9.18,11.53,13.21,9.73,12.19,9.26,13.55,21.85,21.61,11.64,10.20,8.54,10.11,6.76,6.11,4.70,3.42,4.33,3.66,3.54,3.72,4.35,4.70,4.25,4.59,8.11,2.59,3.53,5.08,3.78,2.49,3.13,2.04,1.72,2.17,2.36,2.17,1.22,3.29,7.90,
,HCPI_MNA_MED,EMDE HCPI inflation: Middle East and North Africa ,Median,19,4.30,4.65,5.00,8.57,14.89,11.72,11.34,11.98,9.87,9.61,10.04,9.89,9.10,6.10,5.09,4.29,5.78,4.46,5.22,5.38,9.14,8.62,6.09,5.23,6.10,6.16,3.90,3.59,3.10,2.19,1.57,1.76,1.76,2.35,3.12,3.45,4.11,4.97,10.76,2.80,3.97,4.91,4.52,3.30,2.88,2.10,2.70,1.78,2.28,1.34,1.71,2.92,5.52,
,HCPI_SAR_MED,EMDE HCPI inflation: South Asia ,Median,8,5.50,3.77,6.18,12.19,19.07,11.85,0.60,8.31,6.49,9.24,12.95,13.28,10.15,12.00,9.37,6.32,8.35,9.81,9.53,8.41,9.97,11.95,11.59,9.78,9.22,8.90,8.88,8.33,8.49,5.44,3.70,3.01,3.71,4.27,6.22,5.91,6.78,7.20,9.27,5.85,7.20,9.92,8.79,7.61,6.67,4.15,4.35,4.72,3.44,4.47,5.66,5.18,7.70,
,HCPI_SSA_MED,EMDE HCPI inflation: Sub-Saharan Africa ,Median,47,4.32,5.60,5.58,9.96,15.51,16.58,10.90,12.05,10.33,12.43,13.30,12.18,12.50,11.40,10.71,10.30,9.65,8.15,9.30,9.63,7.83,8.93,10.05,9.54,24.42,12.82,7.38,6.96,6.02,4.45,5.32,5.39,4.23,6.01,4.19,6.42,6.52,6.38,10.56,7.35,4.29,5.68,6.02,5.00,4.41,4.04,5.43,4.84,3.92,2.85,3.90,5.69,8.44,
,,,,,,,,,,,,,,,,,,,,,,,,,,,,,,,,,,,,,,,,,,,,,,,,,,,,,,,,,,
Food CPI inflation,FCPI_GLOBAL_MED,Global food consumer price index (FCPI) inflation,Median,179,4.90,4.90,6.70,13.19,17.85,13.70,9.50,11.41,9.57,10.95,14.20,12.80,9.35,8.40,8.50,7.17,5.40,6.05,7.90,8.40,8.23,9.90,8.55,6.80,10.55,9.00,7.00,5.20,4.51,2.20,1.90,4.70,3.34,3.20,4.06,4.16,5.30,7.27,13.01,4.19,3.14,6.04,4.30,3.65,2.41,2.82,2.10,2.53,2.21,2.84,3.51,4.17,11.50,
(percent),FCPI_GLOBAL_AVE,Global food consumer price index (FCPI) inflation,Average,179,6.40,6.34,7.88,14.02,19.18,14.51,9.85,12.67,10.59,10.94,15.06,14.43,11.55,10.49,9.62,8.89,7.38,7.97,8.94,8.79,11.03,11.44,8.27,8.24,13.03,10.77,10.23,7.33,7.09,4.33,4.12,6.03,5.28,5.71,5.27,6.16,6.49,8.06,14.79,5.30,4.40,7.31,5.73,4.32,3.26,3.84,3.81,4.68,3.61,3.76,5.47,5.48,12.01,
,FCPI_GLOBAL_AVE_GDP,Global food consumer price index (FCPI) inflation,GDP-weighted Average,176,5.99,5.27,6.35,12.72,16.21,11.87,8.66,10.53,8.38,8.53,10.19,11.37,6.98,5.01,5.62,4.33,4.18,3.74,3.91,5.45,5.89,5.20,2.86,3.04,3.83,3.66,3.96,2.92,3.05,1.86,1.72,3.70,2.52,2.88,3.13,2.29,3.10,4.95,8.50,2.98,3.11,5.50,4.00,3.47,2.97,2.83,2.72,1.85,2.40,3.95,5.24,2.85,8.62,
,,,,,,,,,,,,,,,,,,,,,,,,,,,,,,,,,,,,,,,,,,,,,,,,,,,,,,,,,,
,FCPI_AE_MED,Advanced-economy FCPI inflation,Median,35,4.70,4.67,6.70,12.18,15.95,11.75,10.95,12.00,8.99,9.68,11.02,11.90,8.10,4.40,5.88,3.86,2.89,3.09,2.58,4.30,4.80,5.28,2.09,2.01,2.32,2.76,3.16,2.40,2.20,0.91,1.60,4.42,2.18,1.70,1.81,1.77,2.52,3.99,8.07,2.13,1.25,4.23,3.16,2.72,0.48,0.89,0.81,1.40,1.58,1.40,2.36,1.63,9.81,
,FCPI_AE_AVE,Advanced-economy FCPI inflation,Average,35,6.83,6.45,7.46,12.04,17.88,12.88,11.51,12.30,10.87,9.44,11.71,13.09,10.90,7.49,6.75,5.73,4.72,4.34,4.33,5.78,6.61,6.69,4.06,4.28,7.19,6.90,5.32,3.85,4.05,1.39,2.59,4.60,2.65,2.27,2.43,2.69,3.61,5.19,10.09,3.74,1.74,4.43,3.63,2.99,1.15,1.14,0.80,1.54,1.86,2.58,3.23,2.04,10.11,
,FCPI_AE_AVE_GDP,Advanced-economy FCPI inflation,GDP-weighted Average,35,5.38,4.57,5.51,12.08,14.91,11.28,7.85,9.03,7.92,8.20,9.01,8.96,6.38,4.02,4.71,3.15,2.97,2.44,2.87,4.57,5.15,4.29,1.83,1.76,2.26,2.08,2.11,2.02,2.04,1.00,0.99,3.12,1.65,1.68,2.02,1.30,2.15,3.22,5.78,1.63,1.01,3.05,2.33,1.87,1.53,1.32,0.54,1.26,1.66,2.14,2.90,2.40,9.70,
,,,,,,,,,,,,,,,,,,,,,,,,,,,,,,,,,,,,,,,,,,,,,,,,,,,,,,,,,,
,FCPI_EMDE_MED,EMDE FCPI inflation,Median,141,4.90,4.90,6.80,15.25,18.55,14.70,8.90,11.19,9.85,11.05,15.20,12.90,9.00,9.30,9.10,8.30,6.75,8.90,10.35,9.40,11.60,12.70,11.10,10.00,14.50,11.90,8.94,6.97,6.50,3.46,2.20,4.70,3.90,4.50,5.89,5.74,6.15,8.85,14.90,5.38,4.45,6.63,5.10,4.33,3.82,3.62,3.11,3.18,2.56,3.21,4.67,5.36,12.56,
,FCPI_EMDE_AVE,EMDE FCPI inflation,Average,141,6.58,6.55,8.14,14.70,19.97,14.74,9.32,12.39,10.55,11.43,16.29,14.60,11.17,11.15,10.22,9.76,8.24,9.50,10.60,10.01,12.78,13.19,10.17,9.85,15.16,12.84,12.20,8.77,8.39,5.49,4.94,6.52,6.20,7.11,6.46,7.54,7.64,9.32,16.78,6.21,5.49,8.35,6.65,4.88,4.13,4.76,4.81,5.66,4.24,4.09,6.45,6.78,12.60,
,FCPI_EMDE_AVE_GDP,EMDE FCPI inflation,GDP-weighted Average,140,10.27,10.07,11.66,16.99,23.41,14.66,13.16,17.79,10.76,10.40,16.47,20.34,9.46,10.06,10.55,10.59,12.03,13.20,12.42,12.13,11.78,13.71,13.10,12.94,15.34,16.31,13.27,7.15,8.04,5.83,5.21,6.20,6.13,7.94,7.62,5.84,6.08,9.83,15.32,6.14,7.40,10.00,6.99,6.30,5.25,5.20,6.15,2.74,3.67,6.82,9.00,3.58,7.08,
,,,,,,,,,,,,,,,,,,,,,,,,,,,,,,,,,,,,,,,,,,,,,,,,,,,,,,,,,,
Energy price index,ENERGY_GLOBAL_MED,Global energy price index inflation,Median,170,2.00,3.38,3.00,4.90,20.95,10.55,10.20,8.40,7.22,13.80,19.70,16.05,11.66,6.60,6.40,7.40,2.70,3.00,4.20,5.40,8.29,11.70,6.55,6.50,6.35,6.20,5.40,5.26,3.10,3.26,6.90,3.93,3.25,4.32,4.09,5.90,6.45,4.39,7.95,2.01,4.12,4.99,3.97,2.74,2.49,1.22,1.43,2.38,3.04,1.65,0.70,4.82,10.77,
(percent),ENERGY_GLOBAL_AVE,Global energy price index inflation,Average,170,4.51,5.00,4.41,7.10,19.94,12.09,11.34,10.66,8.29,15.93,19.98,17.81,11.50,8.23,8.38,8.83,4.10,4.82,5.78,6.26,9.28,11.37,8.39,7.78,7.54,8.69,9.71,8.11,7.12,5.67,8.46,6.54,5.75,5.85,5.52,7.18,8.09,6.39,9.15,2.57,5.22,5.97,5.11,3.42,3.42,2.07,2.38,3.85,4.38,3.18,1.52,6.61,13.63,
,ENERGY_GLOBAL_AVE_GDP,Global energy price index inflation,GDP-weighted Average,167,5.31,6.81,5.99,9.79,20.93,13.71,11.74,10.80,6.93,13.22,16.73,15.68,11.47,7.50,6.21,7.69,-1.21,0.56,2.52,5.36,7.09,7.44,5.88,5.96,4.43,4.74,4.92,4.85,3.36,2.81,4.74,3.92,3.19,3.91,3.21,4.30,4.76,3.74,5.83,1.67,4.31,5.12,3.81,3.40,3.05,1.91,5.67,3.79,8.47,6.87,0.94,11.03,19.65,
,,,,,,,,,,,,,,,,,,,,,,,,,,,,,,,,,,,,,,,,,,,,,,,,,,,,,,,,,,
,ENERGY_AE_MED,Advanced-economy energy price index inflation,Median,34,4.30,5.10,3.10,4.54,20.70,10.63,10.12,10.60,7.57,12.30,19.70,14.06,11.80,5.50,4.46,5.17,0.20,2.85,3.58,4.45,6.38,7.85,4.57,3.66,2.51,3.02,2.85,3.15,1.06,1.80,4.45,2.81,2.24,3.40,3.20,4.93,4.68,3.41,7.08,0.51,3.31,4.90,3.30,1.98,1.37,0.40,-0.09,1.76,2.37,0.86,-0.30,8.91,23.82,
,ENERGY_AE_AVE,Advanced-economy energy price index inflation,Average,34,4.90,5.81,3.82,6.90,21.68,10.84,11.33,11.57,8.27,14.54,20.79,16.96,10.68,8.07,6.74,7.22,1.27,2.86,3.72,5.24,7.01,8.03,5.21,5.41,6.09,6.27,6.37,4.88,2.97,1.96,5.55,3.79,3.20,4.12,3.83,5.85,5.99,4.81,8.98,0.56,4.07,4.98,3.64,1.97,1.23,-0.16,0.13,2.32,3.07,0.94,-0.74,8.46,21.28,
,ENERGY_AE_AVE_GDP,Advanced-economy energy price index inflation,GDP-weighted Average,34,4.53,6.24,5.31,9.23,21.68,13.70,11.81,9.90,7.32,13.49,17.39,15.57,10.03,6.53,4.96,5.87,-2.99,-0.80,1.47,4.21,6.15,6.09,4.16,4.13,3.48,3.06,2.96,2.46,1.58,1.04,3.07,2.71,1.31,2.45,2.11,3.42,3.76,2.67,4.91,0.27,2.02,3.88,2.63,1.93,2.02,0.85,6.75,3.69,11.00,8.69,0.75,14.48,27.23,
,,,,,,,,,,,,,,,,,,,,,,,,,,,,,,,,,,,,,,,,,,,,,,,,,,,,,,,,,,
,ENERGY_EMDE_MED,EMDE energy price index inflation,Median,133,1.60,1.90,2.50,4.35,19.30,10.20,10.10,6.76,6.80,14.90,18.10,15.00,9.10,6.60,4.90,7.95,3.50,3.04,5.45,5.80,8.30,13.30,7.90,10.90,9.40,7.90,8.21,7.70,5.00,4.90,7.20,5.20,3.93,4.90,5.30,7.12,6.90,5.43,8.28,2.86,4.50,4.47,4.11,3.36,3.12,2.18,2.11,3.12,3.42,2.18,0.99,3.01,6.45,
,ENERGY_EMDE_AVE,EMDE energy price index inflation,Average,133,3.98,4.10,4.38,6.55,17.62,11.98,10.66,9.43,8.23,15.68,18.83,16.42,11.55,7.89,8.27,9.31,5.72,6.07,6.68,6.30,9.29,12.68,9.88,8.67,8.39,10.41,11.16,9.51,8.69,7.17,9.26,7.48,6.91,6.66,6.30,7.85,8.83,7.17,9.28,3.56,5.46,5.91,5.40,3.98,4.25,2.98,3.14,4.31,4.63,3.71,2.30,5.17,9.52,
,ENERGY_EMDE_AVE_GDP,EMDE energy price index inflation,GDP-weighted Average,132,9.43,9.21,9.14,12.21,17.92,13.47,11.14,14.13,4.64,11.45,12.54,14.29,15.46,10.88,10.86,14.13,7.17,8.35,8.88,10.86,11.09,15.76,14.39,15.55,11.53,16.78,16.19,15.54,11.82,9.81,10.71,7.33,8.33,8.00,6.53,6.66,6.81,6.17,7.72,4.05,7.30,6.58,5.05,4.97,4.76,3.78,3.55,3.71,3.71,3.17,1.20,4.67,6.72,
,,,,,,,,,,,,,,,,,,,,,,,,,,,,,,,,,,,,,,,,,,,,,,,,,,,,,,,,,,
Official core consumer price inflation,CORE_GLOBAL_MED,Global core consumer price index inflation,Median,101,3.84,5.52,5.86,8.56,12.99,9.82,9.80,8.54,7.65,8.36,12.69,11.11,8.65,7.89,5.75,5.72,4.03,4.12,5.17,5.31,5.18,4.95,4.16,4.39,2.85,3.35,4.00,2.44,2.33,2.21,2.56,2.31,2.69,2.42,2.18,2.06,2.73,2.90,5.13,2.60,2.63,2.68,2.55,1.90,1.98,1.81,1.68,1.84,1.80,1.90,1.73,2.33,5.61,
(percent),CORE_GLOBAL_AVE,Global core consumer price index inflation,Average,101,2.80,4.86,6.32,9.62,14.69,6.64,12.69,9.46,8.25,8.80,13.28,12.64,8.43,7.28,5.41,6.54,4.50,6.34,6.36,6.84,7.00,7.82,6.06,8.98,3.99,5.90,7.65,4.86,3.83,2.97,4.65,1.91,2.99,4.77,4.64,3.87,4.04,4.72,6.59,2.88,3.79,4.68,4.14,3.96,3.99,2.51,2.86,3.40,2.88,2.61,2.43,3.48,6.63,
,CORE_GLOBAL_AVE_GDP,Global core consumer price index inflation,GDP-weighted Average,100,5.07,3.59,4.62,6.64,11.22,8.91,9.76,6.67,7.49,6.63,12.55,10.61,7.91,5.15,5.67,4.56,3.78,3.64,3.80,4.61,4.91,4.41,4.21,4.28,2.23,3.25,3.65,2.81,1.35,1.59,3.09,0.51,1.24,2.50,2.89,2.03,1.93,3.28,4.92,0.68,2.85,2.34,2.87,2.56,2.73,2.27,2.30,2.61,2.22,2.25,1.65,2.67,4.49,
,,,,,,,,,,,,,,,,,,,,,,,,,,,,,,,,,,,,,,,,,,,,,,,,,,,,,,,,,,
,CORE_AE_MED,Advanced-economy core consumer price index inflation,Median,37,4.46,5.54,6.21,8.71,12.15,9.73,11.45,9.35,7.67,8.35,12.45,11.11,8.75,8.06,5.46,4.94,3.70,4.12,4.93,4.77,4.52,4.77,3.83,3.79,2.53,2.64,2.61,1.87,2.13,1.48,2.16,2.15,2.24,1.82,1.73,1.61,1.72,2.32,3.04,1.85,1.40,1.85,2.02,1.20,1.25,0.81,0.96,1.43,1.21,1.49,0.98,1.69,4.67,
,CORE_AE_AVE,Advanced-economy core consumer price index inflation,Average,37,3.24,4.62,6.94,10.10,13.55,6.23,13.68,10.06,8.66,8.61,12.55,11.98,8.63,7.47,5.37,5.98,4.27,6.46,5.07,5.71,5.21,6.72,5.74,8.06,2.75,4.43,5.49,3.62,2.55,2.03,4.46,0.80,1.25,3.48,1.98,1.82,2.22,3.99,5.36,1.01,2.53,3.47,2.07,1.45,1.37,-0.64,1.10,1.93,1.82,1.54,1.19,2.12,5.17,
,CORE_AE_AVE_GDP,Advanced-economy core consumer price index inflation,GDP-weighted Average,37,5.08,3.58,4.62,6.64,11.19,8.90,9.77,6.68,7.50,6.62,12.18,10.02,7.92,5.15,5.67,4.54,3.77,3.64,3.67,4.40,4.55,4.04,3.98,3.94,2.02,2.72,2.54,2.13,0.82,1.08,2.79,0.09,0.58,1.98,2.43,1.44,1.45,3.12,4.74,-0.38,2.45,1.37,2.08,1.29,1.53,1.12,1.48,1.97,1.62,1.68,1.26,2.32,4.69,
,,,,,,,,,,,,,,,,,,,,,,,,,,,,,,,,,,,,,,,,,,,,,,,,,,,,,,,,,,
,CORE_EMDE_MED,EMDE core consumer price index inflation,Median,63,1.04,5.31,2.07,6.08,27.89,11.47,5.66,5.52,3.87,7.99,13.07,13.69,7.04,4.88,5.88,20.54,11.77,18.74,26.08,20.01,22.03,15.96,11.10,11.20,13.53,14.83,17.65,8.81,11.40,6.97,5.61,4.14,3.90,4.49,5.20,4.90,5.00,4.78,6.71,4.20,4.00,4.42,3.95,3.78,3.16,3.00,2.25,2.96,2.54,2.38,2.41,3.86,6.22,
,CORE_EMDE_AVE,EMDE core consumer price index inflation,Average,63,0.83,6.36,2.86,7.26,24.77,10.58,4.80,5.69,5.11,9.63,16.87,16.13,5.76,4.54,4.64,13.86,9.88,12.32,15.05,12.70,15.08,16.76,9.62,12.74,11.35,12.69,14.85,9.43,8.47,6.27,4.92,4.22,5.46,5.88,7.50,5.95,5.81,5.23,7.85,4.18,4.81,5.63,5.63,5.60,5.56,4.51,3.81,4.28,3.53,3.30,3.41,4.69,7.39,
,CORE_EMDE_AVE_GDP,EMDE core consumer price index inflation,GDP-weighted Average,62,0.21,7.04,2.55,7.56,30.04,12.18,4.30,4.13,2.68,10.42,25.94,27.84,5.70,4.64,4.86,14.35,4.75,3.44,20.22,16.04,21.08,20.16,13.09,13.68,10.32,20.66,19.91,12.21,9.01,9.52,6.53,5.17,7.66,7.10,6.18,5.64,3.77,3.74,5.36,3.84,3.73,4.52,4.37,4.76,4.73,4.25,3.70,3.57,3.25,3.13,2.43,3.37,4.26,
,,,,,,,,,,,,,,,,,,,,,,,,,,,,,,,,,,,,,,,,,,,,,,,,,,,,,,,,,,
Producer price index,PPI_GLOBAL_MED,Global producer price index (PPI) inflation,Median,113,5.73,4.04,5.17,12.44,19.41,11.37,8.91,7.94,7.67,11.85,16.07,10.97,9.82,6.50,6.54,5.06,0.89,2.78,4.23,5.37,3.93,2.87,1.58,3.96,6.06,7.55,4.08,3.74,3.01,1.77,6.59,2.50,0.35,2.68,5.78,5.29,5.77,3.68,9.81,-2.31,5.32,8.04,3.09,0.38,-0.12,-0.95,-0.45,3.39,3.95,1.44,-0.35,9.54,18.08,
(percent),PPI_GLOBAL_AVE,Global producer price index (PPI) inflation,Average,113,6.71,3.46,6.47,12.61,18.98,9.76,10.51,8.93,7.03,10.73,17.97,9.92,8.36,6.31,7.05,6.86,2.90,4.56,5.04,6.57,4.67,6.28,2.45,4.40,7.82,10.98,8.19,5.32,4.64,4.21,9.58,4.12,2.57,4.74,6.53,6.01,6.82,5.35,11.82,-2.55,7.58,9.50,3.80,1.57,1.57,-1.07,1.03,5.93,5.88,2.71,0.08,10.85,18.75,
,PPI_GLOBAL_AVE_GDP,Global producer price index (PPI) inflation,GDP-weighted Average,113,5.07,1.86,4.22,12.11,19.66,7.55,7.48,5.35,3.87,8.47,15.64,5.38,4.55,2.95,4.81,1.65,-2.17,1.27,2.90,4.32,3.40,2.31,1.17,1.51,1.64,4.08,2.16,1.82,-0.12,0.90,5.08,1.42,-0.62,3.29,4.86,5.59,4.73,3.75,8.73,-4.74,4.99,6.57,2.40,1.28,0.72,-1.90,-0.19,4.34,4.40,2.00,-0.54,8.55,13.05,
,,,,,,,,,,,,,,,,,,,,,,,,,,,,,,,,,,,,,,,,,,,,,,,,,,,,,,,,,,
,PPI_AE_MED,Advanced-economy PPI inflation,Median,36,4.90,4.23,4.81,12.53,18.81,7.83,8.18,7.81,6.66,11.86,15.64,10.68,8.51,5.50,5.68,4.22,-1.26,2.44,3.80,5.11,3.11,1.37,1.10,2.52,2.52,4.02,2.02,1.48,0.58,0.52,5.43,1.50,0.05,0.63,3.36,4.27,5.11,2.77,6.47,-3.31,3.86,6.14,2.30,-0.30,-1.32,-2.17,-1.49,3.09,3.77,0.88,-1.56,9.62,22.12,
,PPI_AE_AVE,Advanced-economy PPI inflation,Average,36,6.99,3.74,5.68,12.14,17.20,7.86,10.18,6.62,6.21,9.67,18.06,8.86,7.67,4.84,5.95,3.88,0.24,2.67,3.64,5.60,2.78,4.91,1.80,4.89,6.72,9.30,5.26,3.06,2.00,1.35,7.03,2.37,1.00,1.92,4.54,4.54,5.16,3.38,8.59,-3.77,5.20,6.91,2.20,-0.24,-1.14,-3.51,-2.53,3.90,5.03,0.73,-1.98,10.03,20.53,
,PPI_AE_AVE_GDP,Advanced-economy PPI inflation,GDP-weighted Average,36,5.04,1.70,4.01,11.88,19.31,7.48,7.60,5.09,3.84,8.27,15.47,5.00,4.42,2.65,4.66,1.31,-2.60,0.75,2.63,4.03,2.87,1.64,0.72,1.09,1.08,3.14,1.10,0.83,-0.92,0.17,4.23,0.82,-1.35,2.20,3.95,5.19,4.42,3.08,7.65,-5.67,3.64,4.94,1.69,0.63,-0.16,-2.18,-0.90,3.21,3.45,1.33,-1.28,8.64,13.82,
,,,,,,,,,,,,,,,,,,,,,,,,,,,,,,,,,,,,,,,,,,,,,,,,,,,,,,,,,,
,PPI_EMDE_MED,EMDE producer price index (PPI) inflation,Median,77,6.61,4.04,7.84,13.35,22.62,15.58,13.30,14.16,8.92,11.73,16.83,12.76,13.04,8.79,8.47,11.79,6.74,10.40,11.07,15.23,21.47,30.99,19.24,18.26,29.99,27.03,21.83,11.89,8.73,5.70,11.15,5.66,3.59,5.33,6.98,6.86,6.96,6.31,12.85,-0.26,7.08,9.46,3.71,1.77,1.92,0.94,1.41,4.11,4.44,2.09,0.47,10.76,17.98,
,PPI_EMDE_AVE,EMDE producer price index (PPI) inflation,Average,77,6.85,4.63,7.74,13.44,22.55,14.00,11.19,14.70,13.56,12.19,19.69,13.46,10.35,9.77,9.12,12.97,9.89,10.29,9.24,10.46,10.93,16.71,6.51,8.12,14.27,18.62,16.36,9.76,9.38,9.04,13.83,7.33,5.66,8.73,9.04,7.20,8.56,7.30,15.09,-1.30,9.75,11.77,4.97,2.83,3.47,0.12,2.90,7.36,7.08,3.94,0.70,11.70,16.99,
,PPI_EMDE_AVE_GDP,EMDE producer price index (PPI) inflation,GDP-weighted Average,77,6.16,5.41,8.50,16.66,26.13,9.16,4.86,11.05,5.50,13.52,19.73,13.66,7.35,9.09,8.22,9.23,8.67,11.80,9.78,9.63,13.06,18.75,10.82,9.67,11.06,18.18,11.97,7.44,5.02,5.81,10.37,4.98,3.84,9.06,9.40,7.14,6.01,5.92,11.73,-1.73,8.27,10.17,3.76,2.39,2.18,-1.57,1.01,6.29,6.55,3.13,0.63,8.62,12.26,
,,,,,,,,,,,,,,,,,,,,,,,,,,,,,,,,,,,,,,,,,,,,,,,,,,,,,,,,,,
GDP deflator growth rate,DEFLATOR_GLOBAL_MED,Global GDP deflator growth rate,Median,196,4.67,5.40,6.19,11.41,16.89,12.89,9.38,10.45,8.17,12.95,13.16,10.13,8.31,7.48,7.82,5.86,5.23,6.95,7.02,7.84,7.57,7.95,6.28,7.52,10.09,9.54,6.94,5.70,4.81,4.44,4.45,3.86,3.61,4.05,5.75,5.78,6.53,6.15,8.58,2.36,4.59,5.65,3.76,2.34,2.07,2.15,1.91,2.99,2.75,2.21,1.84,4.51,6.67,
(percent),DEFLATOR_GLOBAL_AVE,Global GDP deflator growth rate,Average,196,5.85,6.09,6.81,12.23,17.30,13.18,10.19,10.72,8.74,13.74,14.86,9.84,9.10,8.93,8.02,8.59,5.79,8.48,9.30,8.79,11.31,9.08,8.40,8.43,11.54,10.95,9.21,7.08,5.32,7.05,7.87,5.39,6.24,6.26,7.29,8.11,7.25,7.12,10.17,2.00,6.79,7.07,5.33,3.66,3.50,2.10,3.49,4.75,4.69,2.84,2.80,6.86,8.39,
,DEFLATOR_GLOBAL_AVE_GDP,Global GDP deflator growth rate,GDP-weighted Average,194,7.33,6.56,5.68,8.75,13.81,11.27,9.48,9.61,8.92,9.68,11.93,9.55,7.45,5.88,4.97,4.30,3.59,3.84,4.25,5.07,5.45,5.89,4.08,3.84,3.37,3.77,4.04,2.80,2.00,1.89,3.33,2.34,2.69,2.64,3.56,3.83,3.78,4.12,5.05,1.14,3.83,4.52,3.13,2.81,2.72,1.39,1.96,3.17,3.47,2.29,1.78,4.93,6.35,
,,,,,,,,,,,,,,,,,,,,,,,,,,,,,,,,,,,,,,,,,,,,,,,,,,,,,,,,,,
,DEFLATOR_AE_MED,Advanced-economy GDP deflator growth rate,Median,37,6.48,7.36,7.19,12.20,15.18,13.24,10.66,8.83,8.14,11.34,13.35,10.69,7.78,5.25,5.33,4.62,3.97,5.13,4.46,5.32,5.30,3.24,3.18,3.44,2.65,3.93,3.11,2.08,2.02,2.26,2.88,2.50,2.73,2.37,3.07,2.79,2.85,3.48,3.94,0.98,1.83,2.16,2.00,1.31,1.33,0.98,0.86,1.91,2.25,1.86,0.96,2.86,6.84,
,DEFLATOR_AE_AVE,Advanced-economy GDP deflator growth rate,Average,37,8.43,8.24,8.26,13.21,16.16,13.71,12.79,10.74,9.79,13.27,14.48,11.65,7.22,6.01,5.81,5.62,2.63,7.41,5.93,6.81,7.43,5.22,5.37,4.96,6.28,7.00,6.32,3.44,1.55,4.34,4.97,2.73,2.97,3.38,4.49,5.16,4.41,4.74,6.86,-0.57,2.86,4.32,2.83,1.02,1.22,-0.97,0.78,2.77,3.18,1.55,-0.02,4.97,8.84,
,DEFLATOR_AE_AVE_GDP,Advanced-economy GDP deflator growth rate,GDP-weighted Average,37,7.96,6.11,5.46,8.01,12.42,10.91,8.38,7.93,7.57,8.77,10.79,9.08,7.23,5.03,4.17,3.72,2.93,2.80,3.40,4.15,4.35,5.18,3.16,2.57,2.11,2.35,1.98,1.55,1.08,1.04,1.74,1.69,1.50,1.63,2.11,2.47,2.44,2.56,2.60,0.31,1.33,1.89,1.36,1.25,1.35,0.58,0.87,1.77,2.12,1.55,1.21,3.54,6.08,
,,,,,,,,,,,,,,,,,,,,,,,,,,,,,,,,,,,,,,,,,,,,,,,,,,,,,,,,,,
,DEFLATOR_EMDE_MED,EMDE GDP deflator growth rate,Median,154,4.32,4.61,6.02,11.41,17.45,12.74,9.25,11.15,8.47,13.59,13.88,9.57,8.24,7.80,9.03,7.56,5.74,8.05,8.11,8.77,11.38,10.93,8.94,10.44,14.33,11.68,8.68,7.00,6.17,6.47,6.21,4.75,3.96,5.28,7.33,7.02,7.82,6.80,10.38,3.02,6.14,7.81,4.92,2.99,2.73,2.48,2.63,4.24,3.55,2.33,2.36,5.92,8.29,
,DEFLATOR_EMDE_AVE,EMDE GDP deflator growth rate,Average,154,4.97,5.90,6.55,12.32,18.12,13.31,9.69,10.61,8.27,14.69,15.58,9.09,9.12,9.41,8.16,9.33,5.64,9.02,9.98,9.21,12.61,9.96,9.41,9.66,13.44,12.84,10.58,8.25,6.04,8.63,9.40,6.13,7.35,7.47,8.64,9.57,8.24,8.07,11.96,2.30,8.28,8.49,6.30,4.29,4.10,2.28,4.20,5.65,5.43,3.12,3.32,7.98,11.25,
,DEFLATOR_EMDE_AVE_GDP,EMDE GDP deflator growth rate,GDP-weighted Average,152,4.62,9.14,6.77,12.71,20.36,12.86,14.69,16.66,15.34,17.73,20.70,12.00,8.10,9.66,8.67,7.34,5.96,11.77,10.49,11.90,14.10,11.83,11.85,12.88,12.66,15.07,14.40,8.38,5.71,7.07,10.68,5.06,7.80,7.01,9.59,9.41,8.34,8.65,11.70,2.19,9.29,9.87,6.21,5.12,4.67,1.79,3.48,5.60,5.94,3.36,2.32,7.54,7.53,
,,,,,,,,,,,,,,,,,,,,,,,,,,,,,,,,,,,,,,,,,,,,,,,,,,,,,,,,,,
,DEFLATOR_EAP_MED,EMDE GDP deflator growth rate: East Asia and Pacific ,Median,25,1.91,3.48,6.06,12.48,23.78,8.79,4.97,8.38,5.73,11.60,8.19,3.61,5.05,6.94,6.12,4.02,1.86,8.05,9.72,6.72,7.20,9.44,7.95,6.78,5.59,9.71,4.49,6.26,7.72,6.03,2.67,3.62,3.67,3.25,5.12,5.57,5.10,5.78,8.32,1.68,4.37,7.49,3.58,2.06,3.02,2.35,2.44,3.25,3.54,2.20,1.00,2.84,5.10,
,DEFLATOR_ECA_MED,EMDE GDP deflator growth rate: Europe and Central Asia ,Median,25,4.19,7.85,8.52,11.85,15.95,16.78,15.61,23.38,20.63,16.93,13.35,3.40,3.62,0.00,2.44,3.68,3.74,2.38,2.33,6.28,25.65,58.49,63.69,748.08,276.45,143.93,43.03,17.87,11.89,18.15,17.54,10.16,5.80,8.00,8.35,7.13,10.01,11.08,9.60,4.04,7.01,8.20,4.79,3.26,3.26,2.22,2.84,4.68,4.01,4.35,2.20,7.13,12.79,
,DEFLATOR_LAC_MED,EMDE GDP deflator growth rate: Latin America and the Caribbean ,Median,35,5.23,5.90,6.79,14.83,21.79,16.95,10.43,12.15,8.61,14.78,17.87,9.36,8.07,7.46,10.57,9.68,8.12,8.45,12.37,13.19,22.49,21.45,8.91,10.44,10.14,10.69,3.91,3.74,5.37,3.83,3.93,3.91,4.07,4.77,5.82,6.22,6.39,6.50,7.79,3.74,4.91,5.66,3.93,2.92,2.80,2.76,2.71,3.56,2.35,2.53,1.43,3.96,7.80,
,DEFLATOR_MNA_MED,EMDE GDP deflator growth rate: Middle East and North Africa ,Median,18,1.30,5.16,3.07,8.51,16.46,9.62,10.32,11.80,6.46,23.76,21.00,10.56,4.13,5.83,3.11,3.38,0.04,8.20,6.37,8.46,13.84,4.86,5.60,3.42,5.80,7.84,7.71,4.10,-1.37,9.93,12.36,0.09,4.12,5.81,10.96,16.32,9.66,8.43,18.10,-9.95,11.80,14.35,4.81,1.31,0.15,-6.46,0.25,6.39,11.51,0.49,-0.47,14.79,19.55,
,DEFLATOR_SAR_MED,EMDE GDP deflator growth rate: South Asia ,Median,8,4.32,4.47,6.02,12.96,18.34,6.73,1.21,1.25,9.37,12.56,11.96,9.70,8.09,8.52,8.24,7.20,6.79,9.33,8.24,8.61,10.67,12.55,10.20,9.29,8.61,9.06,6.59,7.06,6.55,5.33,3.51,3.10,3.61,4.18,6.72,5.94,7.36,7.08,9.16,6.41,7.70,9.10,8.05,6.76,5.15,4.60,3.65,4.52,3.52,4.01,4.36,5.11,6.91,
,DEFLATOR_SSA_MED,EMDE GDP deflator growth rate: Sub-Saharan Africa ,Median,48,4.32,4.18,6.11,9.97,13.30,15.66,9.93,11.69,8.13,12.64,12.01,10.67,10.47,10.29,11.12,10.40,7.02,7.26,6.67,9.53,6.37,10.55,6.15,10.19,18.48,11.68,10.00,5.74,6.48,7.00,6.31,5.99,3.58,5.87,7.33,7.46,8.00,6.92,10.71,4.27,5.92,8.39,5.65,3.60,2.13,2.77,4.69,4.27,2.51,1.83,3.91,5.78,7.79,
,,,,,,,,,,,,,,,,,,,,,,,,,,,,,,,,,,,,,,,,,,,,,,,,,,,,,,,,,,
,"* In calculating average or GDP-weighted average inflation, annual inflation over 50 percent is excluded from the sample. ",,,,,,,,,,,,,,,,,,,,,,,,,,,,,,,,,,,,,,,,,,,,,,,,,,,,,,,,,
